post_id,topic,author_id
post_00001,Ecology,author_082
post_00002,Education,author_004
post_00003,Health,author_032
post_00004,Ecology,author_018
post_00005,Sports,author_087
post_00006,Ethics,author_012
post_00007,Economy,author_055
post_00008,Ecology,author_004
post_00009,Health,author_028
post_00010,Ethics,author_065
post_00011,Sports,author_004
post_00012,Arts,author_026
post_00013,Sports,author_090
post_00014,Health,author_054
post_00015,Ethics,author_058
post_00016,Economy,author_036
post_00017,Fashion,author_098
post_00018,Environment,author_090
post_00019,Education,author_044
post_00020,Health,author_020
post_00021,Technology,author_098
post_00022,Ecology,author_014
post_00023,Ecology,author_049
post_00024,Technology,author_046
post_00025,Education,author_078
post_00026,Travelling,author_006
post_00027,Ecology,author_069
post_00028,Ecology,author_049
post_00029,Education,author_071
post_00030,Ethics,author_081
post_00031,Ethics,author_047
post_00032,Ecology,author_025
post_00033,Arts,author_006
post_00034,Education,author_030
post_00035,Health,author_011
post_00036,Environment,author_013
post_00037,Travelling,author_036
post_00038,Technology,author_082
post_00039,Technology,author_021
post_00040,Health,author_046
post_00041,Education,author_086
post_00042,Arts,author_090
post_00043,Ecology,author_083
post_00044,Arts,author_078
post_00045,Sports,author_022
post_00046,Health,author_094
post_00047,Travelling,author_021
post_00048,Education,author_049
post_00049,Sports,author_082
post_00050,Arts,author_029
post_00051,Economy,author_042
post_00052,Economy,author_030
post_00053,Environment,author_041
post_00054,Ecology,author_035
post_00055,Ethics,author_028
post_00056,Technology,author_092
post_00057,Arts,author_028
post_00058,Environment,author_064
post_00059,Travelling,author_083
post_00060,Education,author_019
post_00061,Health,author_018
post_00062,Sports,author_096
post_00063,Education,author_069
post_00064,Ethics,author_096
post_00065,Ethics,author_055
post_00066,Technology,author_052
post_00067,Fashion,author_029
post_00068,Travelling,author_066
post_00069,Economy,author_012
post_00070,Fashion,author_015
post_00071,Fashion,author_081
post_00072,Environment,author_088
post_00073,Ecology,author_077
post_00074,Environment,author_050
post_00075,Travelling,author_077
post_00076,Education,author_068
post_00077,Economy,author_071
post_00078,Ecology,author_088
post_00079,Sports,author_088
post_00080,Education,author_097
post_00081,Arts,author_099
post_00082,Ecology,author_044
post_00083,Environment,author_038
post_00084,Travelling,author_021
post_00085,Education,author_001
post_00086,Fashion,author_065
post_00087,Ecology,author_065
post_00088,Education,author_081
post_00089,Sports,author_082
post_00090,Health,author_078
post_00091,Technology,author_020
post_00092,Fashion,author_098
post_00093,Sports,author_070
post_00094,Ethics,author_001
post_00095,Travelling,author_042
post_00096,Ecology,author_003
post_00097,Education,author_047
post_00098,Economy,author_031
post_00099,Ethics,author_031
post_00100,Ecology,author_011
post_00101,Travelling,author_094
post_00102,Sports,author_009
post_00103,Fashion,author_099
post_00104,Arts,author_017
post_00105,Sports,author_061
post_00106,Education,author_022
post_00107,Ethics,author_068
post_00108,Health,author_055
post_00109,Health,author_070
post_00110,Education,author_092
post_00111,Arts,author_052
post_00112,Technology,author_084
post_00113,Sports,author_057
post_00114,Ecology,author_058
post_00115,Health,author_032
post_00116,Technology,author_009
post_00117,Ethics,author_003
post_00118,Health,author_071
post_00119,Health,author_076
post_00120,Ecology,author_001
post_00121,Arts,author_091
post_00122,Health,author_008
post_00123,Economy,author_009
post_00124,Ecology,author_043
post_00125,Health,author_066
post_00126,Arts,author_036
post_00127,Health,author_063
post_00128,Fashion,author_070
post_00129,Ethics,author_093
post_00130,Travelling,author_074
post_00131,Travelling,author_032
post_00132,Health,author_053
post_00133,Ecology,author_013
post_00134,Environment,author_085
post_00135,Environment,author_046
post_00136,Travelling,author_053
post_00137,Economy,author_094
post_00138,Arts,author_087
post_00139,Ecology,author_083
post_00140,Environment,author_008
post_00141,Technology,author_094
post_00142,Health,author_014
post_00143,Health,author_025
post_00144,Travelling,author_069
post_00145,Environment,author_018
post_00146,Education,author_024
post_00147,Health,author_060
post_00148,Travelling,author_010
post_00149,Ecology,author_071
post_00150,Arts,author_007
post_00151,Economy,author_070
post_00152,Health,author_012
post_00153,Environment,author_022
post_00154,Travelling,author_063
post_00155,Environment,author_028
post_00156,Fashion,author_008
post_00157,Economy,author_049
post_00158,Education,author_050
post_00159,Education,author_059
post_00160,Sports,author_055
post_00161,Travelling,author_085
post_00162,Health,author_020
post_00163,Health,author_038
post_00164,Ethics,author_008
post_00165,Sports,author_095
post_00166,Technology,author_008
post_00167,Economy,author_008
post_00168,Travelling,author_075
post_00169,Sports,author_065
post_00170,Economy,author_021
post_00171,Ecology,author_066
post_00172,Ecology,author_024
post_00173,Ecology,author_077
post_00174,Health,author_087
post_00175,Ecology,author_052
post_00176,Health,author_073
post_00177,Ethics,author_075
post_00178,Ethics,author_006
post_00179,Environment,author_011
post_00180,Ethics,author_085
post_00181,Sports,author_073
post_00182,Education,author_041
post_00183,Arts,author_027
post_00184,Technology,author_092
post_00185,Education,author_031
post_00186,Fashion,author_051
post_00187,Arts,author_086
post_00188,Travelling,author_039
post_00189,Ecology,author_041
post_00190,Travelling,author_002
post_00191,Ethics,author_080
post_00192,Ecology,author_013
post_00193,Health,author_069
post_00194,Education,author_065
post_00195,Technology,author_017
post_00196,Health,author_009
post_00197,Education,author_048
post_00198,Travelling,author_021
post_00199,Education,author_070
post_00200,Arts,author_079
post_00201,Economy,author_068
post_00202,Sports,author_086
post_00203,Arts,author_039
post_00204,Fashion,author_014
post_00205,Ecology,author_034
post_00206,Sports,author_014
post_00207,Education,author_020
post_00208,Ethics,author_037
post_00209,Technology,author_027
post_00210,Arts,author_027
post_00211,Education,author_082
post_00212,Travelling,author_065
post_00213,Economy,author_033
post_00214,Arts,author_012
post_00215,Education,author_055
post_00216,Economy,author_006
post_00217,Fashion,author_043
post_00218,Education,author_082
post_00219,Travelling,author_021
post_00220,Environment,author_071
post_00221,Economy,author_072
post_00222,Ecology,author_015
post_00223,Fashion,author_089
post_00224,Economy,author_070
post_00225,Ethics,author_048
post_00226,Fashion,author_071
post_00227,Fashion,author_056
post_00228,Education,author_006
post_00229,Economy,author_047
post_00230,Health,author_046
post_00231,Health,author_088
post_00232,Ecology,author_086
post_00233,Sports,author_046
post_00234,Ethics,author_053
post_00235,Fashion,author_096
post_00236,Fashion,author_031
post_00237,Environment,author_023
post_00238,Fashion,author_004
post_00239,Technology,author_095
post_00240,Arts,author_053
post_00241,Health,author_095
post_00242,Fashion,author_035
post_00243,Ecology,author_090
post_00244,Economy,author_049
post_00245,Health,author_061
post_00246,Travelling,author_026
post_00247,Education,author_045
post_00248,Health,author_030
post_00249,Arts,author_004
post_00250,Environment,author_025
post_00251,Education,author_043
post_00252,Education,author_009
post_00253,Arts,author_045
post_00254,Environment,author_066
post_00255,Sports,author_087
post_00256,Economy,author_043
post_00257,Education,author_015
post_00258,Ethics,author_023
post_00259,Economy,author_034
post_00260,Ethics,author_014
post_00261,Technology,author_056
post_00262,Technology,author_094
post_00263,Ethics,author_056
post_00264,Ecology,author_066
post_00265,Ethics,author_050
post_00266,Education,author_025
post_00267,Environment,author_006
post_00268,Sports,author_001
post_00269,Arts,author_069
post_00270,Arts,author_093
post_00271,Technology,author_026
post_00272,Ecology,author_056
post_00273,Technology,author_086
post_00274,Technology,author_080
post_00275,Ecology,author_085
post_00276,Education,author_093
post_00277,Education,author_065
post_00278,Environment,author_086
post_00279,Environment,author_042
post_00280,Education,author_090
post_00281,Fashion,author_071
post_00282,Environment,author_025
post_00283,Environment,author_086
post_00284,Fashion,author_087
post_00285,Ethics,author_079
post_00286,Environment,author_039
post_00287,Economy,author_071
post_00288,Education,author_039
post_00289,Environment,author_027
post_00290,Ethics,author_075
post_00291,Technology,author_084
post_00292,Travelling,author_060
post_00293,Arts,author_057
post_00294,Sports,author_028
post_00295,Fashion,author_061
post_00296,Ecology,author_085
post_00297,Sports,author_037
post_00298,Arts,author_085
post_00299,Technology,author_080
post_00300,Health,author_012
post_00301,Education,author_087
post_00302,Health,author_029
post_00303,Economy,author_019
post_00304,Health,author_006
post_00305,Ethics,author_061
post_00306,Ecology,author_099
post_00307,Environment,author_059
post_00308,Ethics,author_081
post_00309,Environment,author_025
post_00310,Environment,author_064
post_00311,Fashion,author_032
post_00312,Economy,author_084
post_00313,Ecology,author_097
post_00314,Environment,author_100
post_00315,Fashion,author_029
post_00316,Sports,author_090
post_00317,Economy,author_060
post_00318,Health,author_072
post_00319,Travelling,author_016
post_00320,Travelling,author_018
post_00321,Sports,author_086
post_00322,Ethics,author_072
post_00323,Travelling,author_041
post_00324,Sports,author_079
post_00325,Sports,author_055
post_00326,Fashion,author_058
post_00327,Travelling,author_096
post_00328,Education,author_058
post_00329,Health,author_097
post_00330,Education,author_082
post_00331,Sports,author_099
post_00332,Arts,author_063
post_00333,Education,author_031
post_00334,Ecology,author_057
post_00335,Education,author_092
post_00336,Education,author_031
post_00337,Technology,author_043
post_00338,Ecology,author_070
post_00339,Fashion,author_018
post_00340,Environment,author_030
post_00341,Fashion,author_089
post_00342,Health,author_091
post_00343,Environment,author_009
post_00344,Technology,author_053
post_00345,Travelling,author_070
post_00346,Economy,author_054
post_00347,Environment,author_027
post_00348,Ethics,author_050
post_00349,Economy,author_090
post_00350,Ethics,author_098
post_00351,Travelling,author_049
post_00352,Technology,author_001
post_00353,Environment,author_039
post_00354,Sports,author_054
post_00355,Sports,author_096
post_00356,Health,author_078
post_00357,Health,author_063
post_00358,Environment,author_035
post_00359,Economy,author_063
post_00360,Technology,author_050
post_00361,Arts,author_086
post_00362,Fashion,author_052
post_00363,Fashion,author_060
post_00364,Sports,author_080
post_00365,Environment,author_004
post_00366,Ethics,author_076
post_00367,Economy,author_085
post_00368,Arts,author_011
post_00369,Fashion,author_055
post_00370,Fashion,author_060
post_00371,Education,author_007
post_00372,Technology,author_049
post_00373,Travelling,author_028
post_00374,Technology,author_042
post_00375,Environment,author_098
post_00376,Environment,author_036
post_00377,Ecology,author_033
post_00378,Economy,author_061
post_00379,Sports,author_096
post_00380,Technology,author_007
post_00381,Arts,author_029
post_00382,Arts,author_009
post_00383,Economy,author_006
post_00384,Health,author_032
post_00385,Ethics,author_003
post_00386,Health,author_020
post_00387,Travelling,author_017
post_00388,Ecology,author_086
post_00389,Health,author_073
post_00390,Education,author_060
post_00391,Technology,author_099
post_00392,Ethics,author_022
post_00393,Ecology,author_078
post_00394,Fashion,author_100
post_00395,Ecology,author_040
post_00396,Economy,author_075
post_00397,Ethics,author_040
post_00398,Environment,author_087
post_00399,Health,author_051
post_00400,Ethics,author_010
post_00401,Arts,author_089
post_00402,Ecology,author_032
post_00403,Education,author_090
post_00404,Ethics,author_088
post_00405,Ethics,author_016
post_00406,Technology,author_006
post_00407,Environment,author_069
post_00408,Technology,author_085
post_00409,Sports,author_009
post_00410,Technology,author_083
post_00411,Environment,author_002
post_00412,Ecology,author_063
post_00413,Technology,author_056
post_00414,Travelling,author_082
post_00415,Fashion,author_091
post_00416,Fashion,author_056
post_00417,Sports,author_094
post_00418,Education,author_084
post_00419,Sports,author_079
post_00420,Travelling,author_100
post_00421,Environment,author_060
post_00422,Ethics,author_094
post_00423,Technology,author_035
post_00424,Ecology,author_032
post_00425,Travelling,author_036
post_00426,Travelling,author_032
post_00427,Ethics,author_073
post_00428,Environment,author_086
post_00429,Economy,author_044
post_00430,Technology,author_064
post_00431,Travelling,author_024
post_00432,Technology,author_028
post_00433,Technology,author_034
post_00434,Ethics,author_036
post_00435,Education,author_090
post_00436,Economy,author_072
post_00437,Health,author_067
post_00438,Health,author_011
post_00439,Environment,author_093
post_00440,Sports,author_063
post_00441,Health,author_098
post_00442,Travelling,author_089
post_00443,Travelling,author_083
post_00444,Economy,author_058
post_00445,Education,author_012
post_00446,Environment,author_029
post_00447,Health,author_089
post_00448,Arts,author_040
post_00449,Technology,author_075
post_00450,Sports,author_061
post_00451,Technology,author_068
post_00452,Sports,author_055
post_00453,Technology,author_043
post_00454,Travelling,author_090
post_00455,Education,author_035
post_00456,Health,author_033
post_00457,Health,author_016
post_00458,Ecology,author_041
post_00459,Sports,author_096
post_00460,Fashion,author_098
post_00461,Health,author_025
post_00462,Travelling,author_095
post_00463,Ethics,author_036
post_00464,Sports,author_098
post_00465,Education,author_077
post_00466,Health,author_013
post_00467,Health,author_038
post_00468,Fashion,author_047
post_00469,Economy,author_039
post_00470,Sports,author_091
post_00471,Education,author_017
post_00472,Economy,author_006
post_00473,Education,author_071
post_00474,Fashion,author_090
post_00475,Travelling,author_082
post_00476,Economy,author_014
post_00477,Education,author_074
post_00478,Travelling,author_061
post_00479,Technology,author_057
post_00480,Economy,author_024
post_00481,Travelling,author_033
post_00482,Ecology,author_015
post_00483,Travelling,author_052
post_00484,Ethics,author_010
post_00485,Arts,author_081
post_00486,Fashion,author_007
post_00487,Ethics,author_020
post_00488,Ecology,author_039
post_00489,Ecology,author_032
post_00490,Environment,author_072
post_00491,Ethics,author_078
post_00492,Health,author_080
post_00493,Sports,author_100
post_00494,Travelling,author_049
post_00495,Education,author_057
post_00496,Environment,author_076
post_00497,Ethics,author_040
post_00498,Economy,author_080
post_00499,Ecology,author_079
post_00500,Health,author_098
post_00501,Health,author_081
post_00502,Arts,author_034
post_00503,Fashion,author_011
post_00504,Fashion,author_031
post_00505,Ecology,author_071
post_00506,Economy,author_021
post_00507,Travelling,author_053
post_00508,Ethics,author_089
post_00509,Education,author_061
post_00510,Health,author_005
post_00511,Education,author_037
post_00512,Travelling,author_090
post_00513,Arts,author_010
post_00514,Education,author_030
post_00515,Ethics,author_081
post_00516,Health,author_085
post_00517,Ecology,author_055
post_00518,Health,author_070
post_00519,Fashion,author_083
post_00520,Fashion,author_035
post_00521,Economy,author_010
post_00522,Education,author_022
post_00523,Ethics,author_077
post_00524,Travelling,author_037
post_00525,Travelling,author_016
post_00526,Education,author_089
post_00527,Environment,author_090
post_00528,Sports,author_035
post_00529,Travelling,author_070
post_00530,Ecology,author_057
post_00531,Economy,author_077
post_00532,Technology,author_056
post_00533,Education,author_078
post_00534,Ecology,author_004
post_00535,Arts,author_030
post_00536,Ethics,author_074
post_00537,Arts,author_003
post_00538,Ethics,author_035
post_00539,Fashion,author_006
post_00540,Sports,author_061
post_00541,Travelling,author_084
post_00542,Fashion,author_036
post_00543,Environment,author_075
post_00544,Travelling,author_082
post_00545,Travelling,author_012
post_00546,Environment,author_045
post_00547,Technology,author_043
post_00548,Ecology,author_086
post_00549,Technology,author_021
post_00550,Travelling,author_053
post_00551,Arts,author_037
post_00552,Sports,author_052
post_00553,Travelling,author_005
post_00554,Technology,author_012
post_00555,Technology,author_033
post_00556,Environment,author_015
post_00557,Economy,author_066
post_00558,Sports,author_085
post_00559,Environment,author_060
post_00560,Health,author_007
post_00561,Technology,author_067
post_00562,Travelling,author_080
post_00563,Travelling,author_081
post_00564,Economy,author_098
post_00565,Education,author_027
post_00566,Fashion,author_071
post_00567,Travelling,author_037
post_00568,Travelling,author_090
post_00569,Economy,author_016
post_00570,Ethics,author_081
post_00571,Fashion,author_031
post_00572,Sports,author_040
post_00573,Sports,author_002
post_00574,Ecology,author_053
post_00575,Ecology,author_029
post_00576,Ecology,author_060
post_00577,Fashion,author_083
post_00578,Education,author_064
post_00579,Education,author_066
post_00580,Travelling,author_054
post_00581,Health,author_061
post_00582,Sports,author_059
post_00583,Environment,author_019
post_00584,Ethics,author_025
post_00585,Fashion,author_066
post_00586,Education,author_009
post_00587,Environment,author_099
post_00588,Sports,author_044
post_00589,Economy,author_035
post_00590,Education,author_037
post_00591,Ethics,author_076
post_00592,Travelling,author_085
post_00593,Travelling,author_020
post_00594,Travelling,author_069
post_00595,Technology,author_045
post_00596,Sports,author_071
post_00597,Travelling,author_049
post_00598,Health,author_042
post_00599,Health,author_090
post_00600,Environment,author_074
post_00601,Environment,author_030
post_00602,Technology,author_006
post_00603,Travelling,author_096
post_00604,Environment,author_091
post_00605,Arts,author_050
post_00606,Fashion,author_084
post_00607,Economy,author_064
post_00608,Sports,author_017
post_00609,Technology,author_076
post_00610,Travelling,author_013
post_00611,Sports,author_013
post_00612,Economy,author_059
post_00613,Fashion,author_093
post_00614,Arts,author_053
post_00615,Ecology,author_020
post_00616,Education,author_061
post_00617,Ethics,author_044
post_00618,Environment,author_089
post_00619,Ecology,author_084
post_00620,Arts,author_043
post_00621,Environment,author_069
post_00622,Arts,author_041
post_00623,Travelling,author_092
post_00624,Economy,author_070
post_00625,Ecology,author_080
post_00626,Arts,author_031
post_00627,Education,author_088
post_00628,Ecology,author_030
post_00629,Ecology,author_056
post_00630,Arts,author_098
post_00631,Ecology,author_091
post_00632,Fashion,author_057
post_00633,Education,author_089
post_00634,Economy,author_004
post_00635,Economy,author_042
post_00636,Technology,author_038
post_00637,Environment,author_048
post_00638,Health,author_019
post_00639,Environment,author_068
post_00640,Arts,author_073
post_00641,Fashion,author_024
post_00642,Ecology,author_023
post_00643,Environment,author_079
post_00644,Arts,author_080
post_00645,Travelling,author_031
post_00646,Fashion,author_075
post_00647,Travelling,author_030
post_00648,Education,author_082
post_00649,Education,author_059
post_00650,Economy,author_086
post_00651,Education,author_060
post_00652,Sports,author_087
post_00653,Ecology,author_021
post_00654,Technology,author_057
post_00655,Education,author_076
post_00656,Environment,author_082
post_00657,Education,author_089
post_00658,Education,author_059
post_00659,Environment,author_026
post_00660,Ecology,author_062
post_00661,Environment,author_031
post_00662,Technology,author_074
post_00663,Education,author_074
post_00664,Education,author_090
post_00665,Arts,author_003
post_00666,Education,author_051
post_00667,Ethics,author_002
post_00668,Economy,author_088
post_00669,Travelling,author_078
post_00670,Health,author_037
post_00671,Technology,author_078
post_00672,Arts,author_029
post_00673,Ethics,author_025
post_00674,Arts,author_033
post_00675,Arts,author_097
post_00676,Fashion,author_088
post_00677,Ecology,author_081
post_00678,Arts,author_081
post_00679,Education,author_006
post_00680,Economy,author_057
post_00681,Technology,author_075
post_00682,Fashion,author_094
post_00683,Education,author_012
post_00684,Environment,author_042
post_00685,Health,author_023
post_00686,Sports,author_017
post_00687,Sports,author_047
post_00688,Education,author_065
post_00689,Education,author_022
post_00690,Education,author_062
post_00691,Technology,author_096
post_00692,Travelling,author_015
post_00693,Fashion,author_010
post_00694,Health,author_097
post_00695,Arts,author_087
post_00696,Sports,author_051
post_00697,Ecology,author_047
post_00698,Economy,author_051
post_00699,Sports,author_034
post_00700,Travelling,author_016
post_00701,Arts,author_048
post_00702,Arts,author_096
post_00703,Ethics,author_034
post_00704,Arts,author_049
post_00705,Ecology,author_048
post_00706,Health,author_087
post_00707,Economy,author_061
post_00708,Sports,author_080
post_00709,Ethics,author_042
post_00710,Arts,author_029
post_00711,Arts,author_009
post_00712,Education,author_060
post_00713,Environment,author_084
post_00714,Fashion,author_015
post_00715,Economy,author_006
post_00716,Travelling,author_039
post_00717,Ecology,author_015
post_00718,Sports,author_031
post_00719,Environment,author_018
post_00720,Technology,author_059
post_00721,Sports,author_086
post_00722,Ethics,author_054
post_00723,Fashion,author_096
post_00724,Arts,author_054
post_00725,Travelling,author_013
post_00726,Environment,author_079
post_00727,Economy,author_036
post_00728,Technology,author_089
post_00729,Travelling,author_028
post_00730,Health,author_057
post_00731,Ecology,author_047
post_00732,Technology,author_088
post_00733,Arts,author_070
post_00734,Economy,author_046
post_00735,Education,author_051
post_00736,Ecology,author_025
post_00737,Ecology,author_059
post_00738,Health,author_085
post_00739,Arts,author_083
post_00740,Economy,author_077
post_00741,Technology,author_007
post_00742,Fashion,author_032
post_00743,Health,author_073
post_00744,Sports,author_009
post_00745,Ethics,author_027
post_00746,Health,author_028
post_00747,Fashion,author_043
post_00748,Economy,author_077
post_00749,Fashion,author_036
post_00750,Sports,author_017
post_00751,Fashion,author_033
post_00752,Arts,author_015
post_00753,Fashion,author_004
post_00754,Technology,author_002
post_00755,Ethics,author_031
post_00756,Economy,author_042
post_00757,Education,author_023
post_00758,Fashion,author_007
post_00759,Environment,author_095
post_00760,Ecology,author_068
post_00761,Ecology,author_096
post_00762,Travelling,author_061
post_00763,Technology,author_100
post_00764,Ethics,author_066
post_00765,Travelling,author_014
post_00766,Health,author_065
post_00767,Economy,author_079
post_00768,Arts,author_094
post_00769,Education,author_067
post_00770,Arts,author_059
post_00771,Economy,author_004
post_00772,Environment,author_062
post_00773,Arts,author_055
post_00774,Travelling,author_014
post_00775,Travelling,author_092
post_00776,Ecology,author_010
post_00777,Ethics,author_042
post_00778,Ecology,author_019
post_00779,Education,author_017
post_00780,Arts,author_080
post_00781,Sports,author_075
post_00782,Technology,author_092
post_00783,Ethics,author_049
post_00784,Education,author_068
post_00785,Sports,author_059
post_00786,Environment,author_078
post_00787,Ecology,author_013
post_00788,Arts,author_084
post_00789,Sports,author_099
post_00790,Health,author_093
post_00791,Travelling,author_056
post_00792,Environment,author_030
post_00793,Travelling,author_044
post_00794,Environment,author_052
post_00795,Ecology,author_094
post_00796,Environment,author_041
post_00797,Arts,author_041
post_00798,Technology,author_033
post_00799,Arts,author_020
post_00800,Ecology,author_061
post_00801,Ecology,author_012
post_00802,Environment,author_012
post_00803,Technology,author_013
post_00804,Sports,author_017
post_00805,Ethics,author_008
post_00806,Sports,author_072
post_00807,Arts,author_043
post_00808,Environment,author_016
post_00809,Arts,author_046
post_00810,Environment,author_097
post_00811,Economy,author_093
post_00812,Ethics,author_037
post_00813,Technology,author_040
post_00814,Ethics,author_014
post_00815,Health,author_065
post_00816,Arts,author_020
post_00817,Health,author_062
post_00818,Technology,author_014
post_00819,Technology,author_072
post_00820,Education,author_015
post_00821,Health,author_074
post_00822,Sports,author_055
post_00823,Ethics,author_099
post_00824,Arts,author_079
post_00825,Sports,author_083
post_00826,Ethics,author_004
post_00827,Education,author_085
post_00828,Fashion,author_004
post_00829,Education,author_035
post_00830,Technology,author_044
post_00831,Fashion,author_001
post_00832,Ethics,author_019
post_00833,Environment,author_085
post_00834,Fashion,author_009
post_00835,Arts,author_095
post_00836,Ecology,author_004
post_00837,Sports,author_096
post_00838,Environment,author_028
post_00839,Travelling,author_054
post_00840,Fashion,author_044
post_00841,Education,author_048
post_00842,Technology,author_093
post_00843,Ethics,author_100
post_00844,Ecology,author_077
post_00845,Fashion,author_007
post_00846,Ethics,author_021
post_00847,Arts,author_007
post_00848,Education,author_011
post_00849,Arts,author_057
post_00850,Travelling,author_055
post_00851,Travelling,author_078
post_00852,Education,author_054
post_00853,Sports,author_028
post_00854,Technology,author_015
post_00855,Ecology,author_056
post_00856,Arts,author_037
post_00857,Ethics,author_087
post_00858,Sports,author_063
post_00859,Education,author_086
post_00860,Health,author_006
post_00861,Ethics,author_051
post_00862,Economy,author_008
post_00863,Education,author_027
post_00864,Fashion,author_028
post_00865,Education,author_098
post_00866,Technology,author_038
post_00867,Economy,author_016
post_00868,Environment,author_064
post_00869,Fashion,author_023
post_00870,Sports,author_049
post_00871,Health,author_091
post_00872,Sports,author_065
post_00873,Technology,author_086
post_00874,Environment,author_010
post_00875,Economy,author_095
post_00876,Economy,author_056
post_00877,Ecology,author_059
post_00878,Ethics,author_041
post_00879,Ethics,author_055
post_00880,Arts,author_052
post_00881,Education,author_054
post_00882,Environment,author_015
post_00883,Technology,author_003
post_00884,Ethics,author_022
post_00885,Technology,author_059
post_00886,Environment,author_012
post_00887,Health,author_014
post_00888,Ethics,author_056
post_00889,Sports,author_052
post_00890,Environment,author_011
post_00891,Technology,author_040
post_00892,Technology,author_029
post_00893,Fashion,author_100
post_00894,Sports,author_010
post_00895,Ecology,author_082
post_00896,Sports,author_068
post_00897,Technology,author_025
post_00898,Arts,author_045
post_00899,Health,author_019
post_00900,Fashion,author_014
post_00901,Health,author_033
post_00902,Ethics,author_023
post_00903,Arts,author_020
post_00904,Fashion,author_010
post_00905,Arts,author_099
post_00906,Travelling,author_064
post_00907,Ethics,author_097
post_00908,Ethics,author_098
post_00909,Arts,author_058
post_00910,Arts,author_073
post_00911,Ethics,author_082
post_00912,Arts,author_042
post_00913,Fashion,author_041
post_00914,Ecology,author_057
post_00915,Travelling,author_061
post_00916,Education,author_081
post_00917,Ethics,author_036
post_00918,Technology,author_008
post_00919,Ecology,author_065
post_00920,Travelling,author_040
post_00921,Economy,author_058
post_00922,Technology,author_008
post_00923,Ecology,author_037
post_00924,Ecology,author_083
post_00925,Ethics,author_079
post_00926,Environment,author_065
post_00927,Ethics,author_060
post_00928,Economy,author_071
post_00929,Ethics,author_058
post_00930,Health,author_084
post_00931,Ethics,author_042
post_00932,Sports,author_061
post_00933,Economy,author_020
post_00934,Ecology,author_058
post_00935,Ecology,author_044
post_00936,Arts,author_065
post_00937,Economy,author_023
post_00938,Travelling,author_032
post_00939,Sports,author_057
post_00940,Ethics,author_067
post_00941,Technology,author_021
post_00942,Education,author_048
post_00943,Environment,author_050
post_00944,Technology,author_100
post_00945,Ethics,author_087
post_00946,Arts,author_007
post_00947,Technology,author_083
post_00948,Technology,author_009
post_00949,Sports,author_013
post_00950,Environment,author_087
post_00951,Education,author_037
post_00952,Arts,author_093
post_00953,Fashion,author_078
post_00954,Ecology,author_043
post_00955,Arts,author_075
post_00956,Technology,author_019
post_00957,Arts,author_040
post_00958,Arts,author_090
post_00959,Fashion,author_051
post_00960,Ecology,author_077
post_00961,Sports,author_040
post_00962,Arts,author_049
post_00963,Fashion,author_043
post_00964,Arts,author_086
post_00965,Ecology,author_068
post_00966,Arts,author_083
post_00967,Sports,author_055
post_00968,Economy,author_047
post_00969,Education,author_047
post_00970,Health,author_024
post_00971,Travelling,author_044
post_00972,Health,author_025
post_00973,Fashion,author_018
post_00974,Education,author_010
post_00975,Sports,author_013
post_00976,Sports,author_099
post_00977,Sports,author_095
post_00978,Arts,author_005
post_00979,Ethics,author_044
post_00980,Ethics,author_017
post_00981,Fashion,author_049
post_00982,Fashion,author_021
post_00983,Ethics,author_089
post_00984,Travelling,author_022
post_00985,Environment,author_006
post_00986,Arts,author_047
post_00987,Health,author_093
post_00988,Ethics,author_057
post_00989,Travelling,author_037
post_00990,Sports,author_030
post_00991,Education,author_031
post_00992,Health,author_061
post_00993,Arts,author_048
post_00994,Travelling,author_074
post_00995,Education,author_060
post_00996,Environment,author_100
post_00997,Sports,author_065
post_00998,Fashion,author_054
post_00999,Ethics,author_026
post_01000,Education,author_018
post_01001,Arts,author_007
post_01002,Technology,author_062
post_01003,Ecology,author_071
post_01004,Sports,author_092
post_01005,Education,author_016
post_01006,Fashion,author_011
post_01007,Travelling,author_035
post_01008,Fashion,author_066
post_01009,Ecology,author_056
post_01010,Travelling,author_029
post_01011,Economy,author_045
post_01012,Economy,author_054
post_01013,Sports,author_051
post_01014,Health,author_048
post_01015,Ecology,author_050
post_01016,Health,author_048
post_01017,Technology,author_004
post_01018,Arts,author_013
post_01019,Fashion,author_043
post_01020,Economy,author_018
post_01021,Travelling,author_037
post_01022,Fashion,author_090
post_01023,Travelling,author_098
post_01024,Ethics,author_058
post_01025,Ecology,author_001
post_01026,Education,author_003
post_01027,Fashion,author_028
post_01028,Ethics,author_071
post_01029,Environment,author_068
post_01030,Education,author_015
post_01031,Education,author_031
post_01032,Economy,author_016
post_01033,Environment,author_031
post_01034,Ethics,author_082
post_01035,Ecology,author_059
post_01036,Travelling,author_015
post_01037,Sports,author_077
post_01038,Arts,author_003
post_01039,Ethics,author_066
post_01040,Fashion,author_031
post_01041,Environment,author_038
post_01042,Ethics,author_001
post_01043,Health,author_046
post_01044,Environment,author_074
post_01045,Arts,author_024
post_01046,Ecology,author_086
post_01047,Technology,author_068
post_01048,Sports,author_009
post_01049,Sports,author_070
post_01050,Sports,author_065
post_01051,Environment,author_003
post_01052,Economy,author_061
post_01053,Environment,author_082
post_01054,Education,author_048
post_01055,Economy,author_096
post_01056,Ecology,author_046
post_01057,Health,author_045
post_01058,Arts,author_094
post_01059,Ecology,author_081
post_01060,Ethics,author_099
post_01061,Technology,author_095
post_01062,Economy,author_018
post_01063,Sports,author_046
post_01064,Arts,author_044
post_01065,Arts,author_023
post_01066,Travelling,author_060
post_01067,Fashion,author_081
post_01068,Ecology,author_018
post_01069,Travelling,author_092
post_01070,Education,author_005
post_01071,Economy,author_026
post_01072,Economy,author_026
post_01073,Education,author_041
post_01074,Environment,author_066
post_01075,Travelling,author_070
post_01076,Economy,author_033
post_01077,Arts,author_097
post_01078,Education,author_025
post_01079,Economy,author_046
post_01080,Technology,author_084
post_01081,Ecology,author_035
post_01082,Environment,author_048
post_01083,Travelling,author_052
post_01084,Technology,author_050
post_01085,Travelling,author_024
post_01086,Travelling,author_089
post_01087,Sports,author_048
post_01088,Ecology,author_035
post_01089,Environment,author_094
post_01090,Environment,author_011
post_01091,Fashion,author_078
post_01092,Education,author_070
post_01093,Ecology,author_042
post_01094,Technology,author_011
post_01095,Education,author_085
post_01096,Travelling,author_040
post_01097,Environment,author_078
post_01098,Travelling,author_022
post_01099,Travelling,author_045
post_01100,Technology,author_006
post_01101,Environment,author_079
post_01102,Arts,author_036
post_01103,Ecology,author_008
post_01104,Arts,author_086
post_01105,Technology,author_052
post_01106,Arts,author_066
post_01107,Economy,author_021
post_01108,Ethics,author_019
post_01109,Travelling,author_087
post_01110,Fashion,author_005
post_01111,Health,author_009
post_01112,Arts,author_100
post_01113,Technology,author_047
post_01114,Ethics,author_050
post_01115,Ethics,author_005
post_01116,Arts,author_020
post_01117,Technology,author_058
post_01118,Travelling,author_048
post_01119,Ecology,author_098
post_01120,Fashion,author_074
post_01121,Technology,author_068
post_01122,Technology,author_051
post_01123,Education,author_084
post_01124,Ecology,author_032
post_01125,Fashion,author_004
post_01126,Sports,author_064
post_01127,Sports,author_050
post_01128,Education,author_016
post_01129,Education,author_100
post_01130,Travelling,author_091
post_01131,Ethics,author_028
post_01132,Travelling,author_037
post_01133,Ecology,author_026
post_01134,Ecology,author_018
post_01135,Fashion,author_058
post_01136,Travelling,author_092
post_01137,Arts,author_012
post_01138,Arts,author_041
post_01139,Ecology,author_045
post_01140,Sports,author_071
post_01141,Education,author_038
post_01142,Arts,author_021
post_01143,Technology,author_023
post_01144,Health,author_066
post_01145,Health,author_016
post_01146,Health,author_018
post_01147,Economy,author_064
post_01148,Sports,author_047
post_01149,Technology,author_074
post_01150,Sports,author_060
post_01151,Ethics,author_017
post_01152,Ecology,author_012
post_01153,Environment,author_040
post_01154,Travelling,author_092
post_01155,Environment,author_068
post_01156,Environment,author_099
post_01157,Ecology,author_074
post_01158,Technology,author_017
post_01159,Ecology,author_083
post_01160,Travelling,author_058
post_01161,Sports,author_088
post_01162,Fashion,author_045
post_01163,Sports,author_100
post_01164,Ethics,author_082
post_01165,Fashion,author_024
post_01166,Sports,author_056
post_01167,Ecology,author_008
post_01168,Fashion,author_067
post_01169,Fashion,author_039
post_01170,Technology,author_021
post_01171,Health,author_091
post_01172,Sports,author_045
post_01173,Ecology,author_037
post_01174,Health,author_033
post_01175,Sports,author_082
post_01176,Fashion,author_036
post_01177,Education,author_081
post_01178,Sports,author_079
post_01179,Sports,author_012
post_01180,Fashion,author_083
post_01181,Ethics,author_076
post_01182,Fashion,author_020
post_01183,Ethics,author_085
post_01184,Ethics,author_093
post_01185,Ethics,author_044
post_01186,Economy,author_006
post_01187,Economy,author_011
post_01188,Ethics,author_083
post_01189,Arts,author_034
post_01190,Ethics,author_027
post_01191,Ethics,author_054
post_01192,Economy,author_082
post_01193,Arts,author_064
post_01194,Education,author_070
post_01195,Education,author_083
post_01196,Health,author_062
post_01197,Environment,author_088
post_01198,Travelling,author_039
post_01199,Economy,author_010
post_01200,Travelling,author_021
post_01201,Travelling,author_054
post_01202,Health,author_060
post_01203,Ethics,author_044
post_01204,Technology,author_019
post_01205,Technology,author_092
post_01206,Technology,author_094
post_01207,Fashion,author_052
post_01208,Technology,author_098
post_01209,Sports,author_066
post_01210,Technology,author_014
post_01211,Travelling,author_031
post_01212,Education,author_016
post_01213,Health,author_058
post_01214,Ecology,author_019
post_01215,Education,author_007
post_01216,Ethics,author_050
post_01217,Health,author_054
post_01218,Technology,author_021
post_01219,Technology,author_074
post_01220,Fashion,author_025
post_01221,Sports,author_064
post_01222,Travelling,author_060
post_01223,Travelling,author_040
post_01224,Ecology,author_003
post_01225,Sports,author_051
post_01226,Health,author_059
post_01227,Ethics,author_028
post_01228,Economy,author_046
post_01229,Education,author_007
post_01230,Ethics,author_064
post_01231,Arts,author_084
post_01232,Education,author_061
post_01233,Economy,author_069
post_01234,Environment,author_014
post_01235,Education,author_018
post_01236,Technology,author_094
post_01237,Environment,author_098
post_01238,Economy,author_047
post_01239,Economy,author_052
post_01240,Sports,author_073
post_01241,Technology,author_025
post_01242,Education,author_071
post_01243,Environment,author_010
post_01244,Travelling,author_065
post_01245,Sports,author_098
post_01246,Ethics,author_036
post_01247,Ethics,author_088
post_01248,Fashion,author_016
post_01249,Environment,author_013
post_01250,Technology,author_048
post_01251,Technology,author_072
post_01252,Fashion,author_097
post_01253,Ethics,author_026
post_01254,Environment,author_066
post_01255,Economy,author_065
post_01256,Economy,author_006
post_01257,Technology,author_018
post_01258,Sports,author_061
post_01259,Fashion,author_059
post_01260,Sports,author_078
post_01261,Technology,author_018
post_01262,Technology,author_079
post_01263,Environment,author_021
post_01264,Education,author_079
post_01265,Technology,author_076
post_01266,Sports,author_065
post_01267,Travelling,author_069
post_01268,Ethics,author_091
post_01269,Travelling,author_039
post_01270,Technology,author_003
post_01271,Arts,author_043
post_01272,Environment,author_015
post_01273,Education,author_075
post_01274,Arts,author_093
post_01275,Ethics,author_004
post_01276,Education,author_061
post_01277,Ethics,author_084
post_01278,Health,author_074
post_01279,Economy,author_093
post_01280,Travelling,author_075
post_01281,Sports,author_022
post_01282,Ethics,author_081
post_01283,Environment,author_100
post_01284,Arts,author_019
post_01285,Economy,author_032
post_01286,Ecology,author_074
post_01287,Economy,author_025
post_01288,Technology,author_057
post_01289,Fashion,author_054
post_01290,Health,author_053
post_01291,Sports,author_053
post_01292,Ethics,author_100
post_01293,Economy,author_061
post_01294,Fashion,author_091
post_01295,Health,author_067
post_01296,Technology,author_072
post_01297,Travelling,author_085
post_01298,Environment,author_068
post_01299,Fashion,author_041
post_01300,Sports,author_059
post_01301,Sports,author_044
post_01302,Arts,author_046
post_01303,Arts,author_099
post_01304,Education,author_083
post_01305,Travelling,author_079
post_01306,Health,author_025
post_01307,Sports,author_036
post_01308,Health,author_039
post_01309,Education,author_039
post_01310,Health,author_091
post_01311,Travelling,author_089
post_01312,Travelling,author_041
post_01313,Sports,author_045
post_01314,Education,author_093
post_01315,Ecology,author_037
post_01316,Arts,author_074
post_01317,Environment,author_070
post_01318,Technology,author_051
post_01319,Fashion,author_099
post_01320,Economy,author_038
post_01321,Ecology,author_037
post_01322,Travelling,author_045
post_01323,Education,author_084
post_01324,Travelling,author_096
post_01325,Health,author_028
post_01326,Education,author_069
post_01327,Education,author_072
post_01328,Ecology,author_018
post_01329,Ethics,author_079
post_01330,Health,author_031
post_01331,Arts,author_007
post_01332,Health,author_068
post_01333,Health,author_082
post_01334,Ecology,author_007
post_01335,Technology,author_053
post_01336,Travelling,author_092
post_01337,Arts,author_013
post_01338,Fashion,author_099
post_01339,Sports,author_001
post_01340,Environment,author_021
post_01341,Travelling,author_084
post_01342,Arts,author_062
post_01343,Education,author_026
post_01344,Education,author_042
post_01345,Economy,author_083
post_01346,Ecology,author_099
post_01347,Ethics,author_084
post_01348,Sports,author_030
post_01349,Economy,author_095
post_01350,Environment,author_023
post_01351,Economy,author_023
post_01352,Travelling,author_051
post_01353,Education,author_024
post_01354,Economy,author_005
post_01355,Ethics,author_039
post_01356,Ecology,author_078
post_01357,Education,author_043
post_01358,Arts,author_059
post_01359,Sports,author_070
post_01360,Fashion,author_064
post_01361,Travelling,author_065
post_01362,Health,author_035
post_01363,Technology,author_015
post_01364,Travelling,author_021
post_01365,Education,author_083
post_01366,Fashion,author_092
post_01367,Technology,author_002
post_01368,Ethics,author_038
post_01369,Health,author_087
post_01370,Ethics,author_023
post_01371,Environment,author_082
post_01372,Sports,author_055
post_01373,Ecology,author_042
post_01374,Arts,author_052
post_01375,Fashion,author_013
post_01376,Travelling,author_018
post_01377,Health,author_042
post_01378,Education,author_001
post_01379,Health,author_050
post_01380,Education,author_058
post_01381,Education,author_043
post_01382,Ethics,author_075
post_01383,Education,author_002
post_01384,Technology,author_084
post_01385,Health,author_089
post_01386,Arts,author_008
post_01387,Travelling,author_016
post_01388,Fashion,author_040
post_01389,Arts,author_052
post_01390,Education,author_065
post_01391,Ecology,author_089
post_01392,Education,author_082
post_01393,Ethics,author_048
post_01394,Health,author_029
post_01395,Travelling,author_018
post_01396,Travelling,author_020
post_01397,Ethics,author_096
post_01398,Environment,author_048
post_01399,Sports,author_090
post_01400,Sports,author_061
post_01401,Health,author_086
post_01402,Health,author_098
post_01403,Ethics,author_088
post_01404,Sports,author_011
post_01405,Sports,author_058
post_01406,Technology,author_091
post_01407,Ethics,author_010
post_01408,Economy,author_015
post_01409,Sports,author_071
post_01410,Ethics,author_026
post_01411,Fashion,author_069
post_01412,Technology,author_022
post_01413,Travelling,author_067
post_01414,Arts,author_015
post_01415,Ethics,author_027
post_01416,Ecology,author_063
post_01417,Travelling,author_066
post_01418,Travelling,author_008
post_01419,Sports,author_017
post_01420,Travelling,author_054
post_01421,Economy,author_073
post_01422,Travelling,author_072
post_01423,Education,author_087
post_01424,Economy,author_093
post_01425,Education,author_051
post_01426,Health,author_001
post_01427,Ecology,author_075
post_01428,Environment,author_006
post_01429,Ecology,author_045
post_01430,Economy,author_070
post_01431,Travelling,author_009
post_01432,Education,author_005
post_01433,Fashion,author_053
post_01434,Fashion,author_099
post_01435,Arts,author_099
post_01436,Arts,author_094
post_01437,Technology,author_054
post_01438,Travelling,author_049
post_01439,Environment,author_049
post_01440,Arts,author_011
post_01441,Sports,author_085
post_01442,Arts,author_018
post_01443,Ecology,author_045
post_01444,Sports,author_023
post_01445,Sports,author_051
post_01446,Health,author_017
post_01447,Economy,author_001
post_01448,Travelling,author_039
post_01449,Sports,author_087
post_01450,Sports,author_055
post_01451,Health,author_049
post_01452,Travelling,author_032
post_01453,Fashion,author_045
post_01454,Health,author_036
post_01455,Ecology,author_093
post_01456,Arts,author_005
post_01457,Ethics,author_054
post_01458,Economy,author_099
post_01459,Health,author_031
post_01460,Ecology,author_009
post_01461,Economy,author_077
post_01462,Ethics,author_058
post_01463,Economy,author_087
post_01464,Economy,author_032
post_01465,Travelling,author_052
post_01466,Sports,author_030
post_01467,Economy,author_028
post_01468,Sports,author_018
post_01469,Health,author_038
post_01470,Ethics,author_094
post_01471,Ethics,author_041
post_01472,Arts,author_077
post_01473,Health,author_042
post_01474,Fashion,author_039
post_01475,Sports,author_085
post_01476,Environment,author_029
post_01477,Education,author_039
post_01478,Sports,author_008
post_01479,Fashion,author_076
post_01480,Arts,author_081
post_01481,Sports,author_055
post_01482,Economy,author_064
post_01483,Arts,author_045
post_01484,Environment,author_086
post_01485,Technology,author_068
post_01486,Environment,author_090
post_01487,Fashion,author_053
post_01488,Environment,author_039
post_01489,Sports,author_024
post_01490,Health,author_061
post_01491,Education,author_029
post_01492,Fashion,author_091
post_01493,Economy,author_060
post_01494,Environment,author_072
post_01495,Sports,author_054
post_01496,Fashion,author_068
post_01497,Health,author_050
post_01498,Health,author_033
post_01499,Arts,author_043
post_01500,Travelling,author_011
